{
    "iteration": [
        0
    ],
    "train_loss": [
        10.824621200561523
    ],
    "val_loss": [
        10.822257995605469
    ],
    "learning_rate": [
        0.0
    ],
    "mfu": [
        -100.0
    ]
}