{
    "iteration": [
        2400,
        2420,
        2440,
        2460,
        2480,
        2500,
        2520,
        2540,
        2560,
        2580,
        2600,
        2620,
        2640,
        2660,
        2680,
        2700,
        2720,
        2740,
        2760,
        2780,
        2800,
        2820,
        2840,
        2860,
        2880,
        2900,
        2920,
        2940,
        2960,
        2980,
        3000,
        3020,
        3040,
        3060,
        3080,
        3100,
        3120,
        3140,
        3160,
        3180,
        3200,
        3220,
        3240,
        3260,
        3280,
        3300,
        3320,
        3340,
        3360,
        3380,
        3400,
        3420,
        3440,
        3460,
        3480,
        3500,
        3520,
        3540,
        3560,
        3580,
        3600,
        3620,
        3640,
        3660,
        3680,
        3700,
        3720,
        3740,
        3760,
        3780,
        3800,
        3820,
        3840,
        3860,
        3880,
        3900,
        3920,
        3940,
        3960,
        3980,
        4000,
        4020,
        4040,
        4060,
        4080,
        4100,
        4120,
        4140,
        4160,
        4180,
        4200,
        4220,
        4240,
        4260,
        4280,
        4300,
        4320,
        4340,
        4360,
        4380,
        4400,
        4420,
        4440,
        4460,
        4480,
        4500,
        4520,
        4540,
        4560,
        4580,
        4600,
        4620,
        4640,
        4660,
        4680,
        4700,
        4720,
        4740,
        4760,
        4780,
        4800,
        4820,
        4840,
        4860,
        4880,
        4900,
        4920,
        4940,
        4960,
        4980
    ],
    "train_loss": [
        5.83289098739624,
        5.83289098739624,
        5.83289098739624,
        5.83289098739624,
        5.83289098739624,
        5.83289098739624,
        5.83289098739624,
        5.83289098739624,
        5.83289098739624,
        5.83289098739624,
        5.62257719039917,
        5.62257719039917,
        5.62257719039917,
        5.62257719039917,
        5.62257719039917,
        5.62257719039917,
        5.62257719039917,
        5.62257719039917,
        5.62257719039917,
        5.62257719039917,
        5.599943161010742,
        5.599943161010742,
        5.599943161010742,
        5.599943161010742,
        5.599943161010742,
        5.599943161010742,
        5.599943161010742,
        5.599943161010742,
        5.599943161010742,
        5.599943161010742,
        5.724139213562012,
        5.724139213562012,
        5.724139213562012,
        5.724139213562012,
        5.724139213562012,
        5.724139213562012,
        5.724139213562012,
        5.724139213562012,
        5.724139213562012,
        5.724139213562012,
        5.305039405822754,
        5.305039405822754,
        5.305039405822754,
        5.305039405822754,
        5.305039405822754,
        5.305039405822754,
        5.305039405822754,
        5.305039405822754,
        5.305039405822754,
        5.305039405822754,
        5.333420753479004,
        5.333420753479004,
        5.333420753479004,
        5.333420753479004,
        5.333420753479004,
        5.333420753479004,
        5.333420753479004,
        5.333420753479004,
        5.333420753479004,
        5.333420753479004,
        5.162599086761475,
        5.162599086761475,
        5.162599086761475,
        5.162599086761475,
        5.162599086761475,
        5.162599086761475,
        5.162599086761475,
        5.162599086761475,
        5.162599086761475,
        5.162599086761475,
        5.252795219421387,
        5.252795219421387,
        5.252795219421387,
        5.252795219421387,
        5.252795219421387,
        5.252795219421387,
        5.252795219421387,
        5.252795219421387,
        5.252795219421387,
        5.252795219421387,
        5.291330337524414,
        5.291330337524414,
        5.291330337524414,
        5.291330337524414,
        5.291330337524414,
        5.291330337524414,
        5.291330337524414,
        5.291330337524414,
        5.291330337524414,
        5.291330337524414,
        4.962306976318359,
        4.962306976318359,
        4.962306976318359,
        4.962306976318359,
        4.962306976318359,
        4.962306976318359,
        4.962306976318359,
        4.962306976318359,
        4.962306976318359,
        4.962306976318359,
        5.572330474853516,
        5.572330474853516,
        5.572330474853516,
        5.572330474853516,
        5.572330474853516,
        5.572330474853516,
        5.572330474853516,
        5.572330474853516,
        5.572330474853516,
        5.572330474853516,
        5.015708923339844,
        5.015708923339844,
        5.015708923339844,
        5.015708923339844,
        5.015708923339844,
        5.015708923339844,
        5.015708923339844,
        5.015708923339844,
        5.015708923339844,
        5.015708923339844,
        5.2483344078063965,
        5.2483344078063965,
        5.2483344078063965,
        5.2483344078063965,
        5.2483344078063965,
        5.2483344078063965,
        5.2483344078063965,
        5.2483344078063965,
        5.2483344078063965,
        5.2483344078063965
    ],