{
    "iteration": [
        0,
        20,
        40,
        60,
        80,
        100,
        120,
        140,
        160,
        180,
        200,
        220,
        240,
        260,
        280,
        300,
        320,
        340,
        360,
        380,
        400,
        420,
        440,
        460,
        480,
        500,
        520,
        540,
        560,
        580,
        600,
        620,
        640,
        660,
        680,
        700,
        720,
        740,
        760,
        780,
        800,
        820,
        840,
        860,
        880,
        900,
        920,
        940,
        960,
        980,
        1000,
        1020,
        1040,
        1060,
        1080,
        1100,
        1120,
        1140,
        1160,
        1180,
        1200,
        1220,
        1240,
        1260,
        1280,
        1300,
        1320,
        1340,
        1360,
        1380,
        1400,
        1420,
        1440,
        1460,
        1480,
        1500,
        1520,
        1540,
        1560,
        1580,
        1600,
        1620,
        1640,
        1660,
        1680,
        1700,
        1720,
        1740,
        1760,
        1780,
        1800,
        1820,
        1840,
        1860,
        1880,
        1900,
        1920,
        1940,
        1960
    ],
    "train_loss": [
        10.84495735168457,
        10.84495735168457,
        10.84495735168457,
        10.84495735168457,
        10.84495735168457,
        10.84495735168457,
        10.84495735168457,
        10.84495735168457,
        10.84495735168457,
        10.84495735168457,
        9.86801815032959,
        9.86801815032959,
        9.86801815032959,
        9.86801815032959,
        9.86801815032959,
        9.86801815032959,
        9.86801815032959,
        9.86801815032959,
        9.86801815032959,
        9.86801815032959,
        8.147857666015625,
        8.147857666015625,
        8.147857666015625,
        8.147857666015625,
        8.147857666015625,
        8.147857666015625,
        8.147857666015625,
        8.147857666015625,
        8.147857666015625,
        8.147857666015625,
        6.042892932891846,
        6.042892932891846,
        6.042892932891846,
        6.042892932891846,
        6.042892932891846,
        6.042892932891846,
        6.042892932891846,
        6.042892932891846,
        6.042892932891846,
        6.042892932891846,
        4.038662433624268,
        4.038662433624268,
        4.038662433624268,
        4.038662433624268,
        4.038662433624268,
        4.038662433624268,
        4.038662433624268,
        4.038662433624268,
        4.038662433624268,
        4.038662433624268,
        3.526787757873535,
        3.526787757873535,
        3.526787757873535,
        3.526787757873535,
        3.526787757873535,
        3.526787757873535,
        3.526787757873535,
        3.526787757873535,
        3.526787757873535,
        3.526787757873535,
        3.316201686859131,
        3.316201686859131,
        3.316201686859131,
        3.316201686859131,
        3.316201686859131,
        3.316201686859131,
        3.316201686859131,
        3.316201686859131,
        3.316201686859131,
        3.316201686859131,
        2.9482293128967285,
        2.9482293128967285,
        2.9482293128967285,
        2.9482293128967285,
        2.9482293128967285,
        2.9482293128967285,
        2.9482293128967285,
        2.9482293128967285,
        2.9482293128967285,
        2.9482293128967285,
        2.770320177078247,
        2.770320177078247,
        2.770320177078247,
        2.770320177078247,
        2.770320177078247,
        2.770320177078247,
        2.770320177078247,
        2.770320177078247,
        2.770320177078247,
        2.770320177078247,
        2.416578769683838,
        2.416578769683838,
        2.416578769683838,
        2.416578769683838,
        2.416578769683838,
        2.416578769683838,
        2.416578769683838,
        2.416578769683838,
        2.416578769683838
    ],
    "val_loss": [
        10.821549415588379,
        10.821549415588379,
        10.821549415588379,
        10.821549415588379,
        10.821549415588379,
        10.821549415588379,
        10.821549415588379,
        10.821549415588379,
        10.821549415588379,
        10.821549415588379,
        9.878050804138184,
        9.878050804138184,
        9.878050804138184,
        9.878050804138184,
        9.878050804138184,
        9.878050804138184,
        9.878050804138184,
        9.878050804138184,
        9.878050804138184,
        9.878050804138184,
        8.169973373413086,
        8.169973373413086,
        8.169973373413086,
        8.169973373413086,
        8.169973373413086,
        8.169973373413086,
        8.169973373413086,
        8.169973373413086,
        8.169973373413086,
        8.169973373413086,
        5.784990310668945,
        5.784990310668945,
        5.784990310668945,
        5.784990310668945,
        5.784990310668945,
        5.784990310668945,
        5.784990310668945,
        5.784990310668945,
        5.784990310668945,
        5.784990310668945,
        4.407657623291016,
        4.407657623291016,
        4.407657623291016,
        4.407657623291016,
        4.407657623291016,
        4.407657623291016,
        4.407657623291016,
        4.407657623291016,
        4.407657623291016,
        4.407657623291016,
        3.7303051948547363,
        3.7303051948547363,
        3.7303051948547363,
        3.7303051948547363,
        3.7303051948547363,
        3.7303051948547363,
        3.7303051948547363,
        3.7303051948547363,
        3.7303051948547363,
        3.7303051948547363,
        3.4333109855651855,
        3.4333109855651855,
        3.4333109855651855,
        3.4333109855651855,
        3.4333109855651855,
        3.4333109855651855,
        3.4333109855651855,
        3.4333109855651855,
        3.4333109855651855,
        3.4333109855651855,
        3.29811429977417,
        3.29811429977417,
        3.29811429977417,
        3.29811429977417,
        3.29811429977417,
        3.29811429977417,
        3.29811429977417,
        3.29811429977417,
        3.29811429977417,
        3.29811429977417,
        2.7109932899475098,
        2.7109932899475098,
        2.7109932899475098,
        2.7109932899475098,
        2.7109932899475098,
        2.7109932899475098,
        2.7109932899475098,
        2.7109932899475098,
        2.7109932899475098,
        2.7109932899475098,
        3.1584982872009277,
        3.1584982872009277,
        3.1584982872009277,
        3.1584982872009277,
        3.1584982872009277,
        3.1584982872009277,
        3.1584982872009277,
        3.1584982872009277,
        3.1584982872009277
    ],