{
    "iteration": [
        0,
        20,
        40,
        60,
        80,
        100,
        120,
        140,
        160,
        180,
        200,
        220,
        240,
        260,
        280,
        300,
        320,
        340,
        360,
        380,
        400,
        420,
        440,
        460,
        480,
        500,
        520,
        540,
        560,
        580,
        600,
        620,
        640,
        660,
        680,
        700,
        720,
        740,
        760,
        780,
        800,
        820,
        840,
        860,
        880,
        900,
        920,
        940,
        960,
        980,
        1000,
        1020,
        1040,
        1060,
        1080,
        1100,
        1120,
        1140,
        1160,
        1180,
        1200,
        1220,
        1240,
        1260,
        1280,
        1300,
        1320,
        1340,
        1360,
        1380,
        1400,
        1420,
        1440,
        1460,
        1480,
        1500,
        1520,
        1540,
        1560,
        1580,
        1600,
        1620,
        1640,
        1660,
        1680,
        1700,
        1720,
        1740,
        1760
    ],
    "train_loss": [
        10.820280075073242,
        10.820280075073242,
        10.820280075073242,
        10.820280075073242,
        10.820280075073242,
        10.820280075073242,
        10.820280075073242,
        10.820280075073242,
        10.820280075073242,
        10.820280075073242,
        9.937787055969238,
        9.937787055969238,
        9.937787055969238,
        9.937787055969238,
        9.937787055969238,
        9.937787055969238,
        9.937787055969238,
        9.937787055969238,
        9.937787055969238,
        9.937787055969238,
        8.142945289611816,
        8.142945289611816,
        8.142945289611816,
        8.142945289611816,
        8.142945289611816,
        8.142945289611816,
        8.142945289611816,
        8.142945289611816,
        8.142945289611816,
        8.142945289611816,
        6.056889533996582,
        6.056889533996582,
        6.056889533996582,
        6.056889533996582,
        6.056889533996582,
        6.056889533996582,
        6.056889533996582,
        6.056889533996582,
        6.056889533996582,
        6.056889533996582,
        4.354028701782227,
        4.354028701782227,
        4.354028701782227,
        4.354028701782227,
        4.354028701782227,
        4.354028701782227,
        4.354028701782227,
        4.354028701782227,
        4.354028701782227,
        4.354028701782227,
        4.288244247436523,
        4.288244247436523,
        4.288244247436523,
        4.288244247436523,
        4.288244247436523,
        4.288244247436523,
        4.288244247436523,
        4.288244247436523,
        4.288244247436523,
        4.288244247436523,
        3.286011219024658,
        3.286011219024658,
        3.286011219024658,
        3.286011219024658,
        3.286011219024658,
        3.286011219024658,
        3.286011219024658,
        3.286011219024658,
        3.286011219024658,
        3.286011219024658,
        3.4605846405029297,
        3.4605846405029297,
        3.4605846405029297,
        3.4605846405029297,
        3.4605846405029297,
        3.4605846405029297,
        3.4605846405029297,
        3.4605846405029297,
        3.4605846405029297,
        3.4605846405029297,
        3.0019426345825195,
        3.0019426345825195,
        3.0019426345825195,
        3.0019426345825195,
        3.0019426345825195,
        3.0019426345825195,
        3.0019426345825195,
        3.0019426345825195,
        3.0019426345825195
    ],
    "val_loss": [
        10.826058387756348,
        10.826058387756348,
        10.826058387756348,
        10.826058387756348,
        10.826058387756348,
        10.826058387756348,
        10.826058387756348,
        10.826058387756348,
        10.826058387756348,
        10.826058387756348,
        9.913415908813477,
        9.913415908813477,
        9.913415908813477,
        9.913415908813477,
        9.913415908813477,
        9.913415908813477,
        9.913415908813477,
        9.913415908813477,
        9.913415908813477,
        9.913415908813477,
        8.360207557678223,
        8.360207557678223,
        8.360207557678223,
        8.360207557678223,
        8.360207557678223,
        8.360207557678223,
        8.360207557678223,
        8.360207557678223,
        8.360207557678223,
        8.360207557678223,
        6.166593551635742,
        6.166593551635742,
        6.166593551635742,
        6.166593551635742,
        6.166593551635742,
        6.166593551635742,
        6.166593551635742,
        6.166593551635742,
        6.166593551635742,
        6.166593551635742,
        4.470678806304932,
        4.470678806304932,
        4.470678806304932,
        4.470678806304932,
        4.470678806304932,
        4.470678806304932,
        4.470678806304932,
        4.470678806304932,
        4.470678806304932,
        4.470678806304932,
        3.8441081047058105,
        3.8441081047058105,
        3.8441081047058105,
        3.8441081047058105,
        3.8441081047058105,
        3.8441081047058105,
        3.8441081047058105,
        3.8441081047058105,
        3.8441081047058105,
        3.8441081047058105,
        4.359943866729736,
        4.359943866729736,
        4.359943866729736,
        4.359943866729736,
        4.359943866729736,
        4.359943866729736,
        4.359943866729736,
        4.359943866729736,
        4.359943866729736,
        4.359943866729736,
        4.30228328704834,
        4.30228328704834,
        4.30228328704834,
        4.30228328704834,
        4.30228328704834,
        4.30228328704834,
        4.30228328704834,
        4.30228328704834,
        4.30228328704834,
        4.30228328704834,
        3.3145430088043213,
        3.3145430088043213,
        3.3145430088043213,
        3.3145430088043213,
        3.3145430088043213,
        3.3145430088043213,
        3.3145430088043213,
        3.3145430088043213,
        3.3145430088043213
    ],