{
    "iteration": [
        19000,
        19020,
        19040,
        19060
    ],
    "train_loss": [
        1.9429768323898315,
        1.9429768323898315,
        1.9429768323898315,
        1.9429768323898315
    ],
    "val_loss": [
        3.659213066101074,
        3.659213066101074,
        3.659213066101074,
        3.659213066101074
    ],
    "learning_rate": [
        0.0005989239305502041,
        0.0005989213988208225,
        0.0005989188641226287,
        0.0005989163264556507
    ],
    "mfu": [
        -100.0,
        0.13678605935017157,
        0.1364451747247653,
        0.1364473324769221
    ]
}